Gene_Pesquisado	UniProt_ID	Protein_Name	Organism	Length
IL17A	Q6NZ94	N/A	Homo sapiens	155
SMAD3	H3BQ00	Mothers against decapentaplegic homolog	Homo sapiens	462
MYC	A0A0B4J1R1	N/A	Homo sapiens	257
STAT3	A0A7I2V4C8	Signal transducer and activator of transcription	Homo sapiens	742
BMP7	Q9H2W7	N/A	Homo sapiens	139
CCR7	A0ACI8PSH9	N/A	Homo sapiens	122
SELL	A0A494C0S7	N/A	Homo sapiens	37
CXCL2	A0ACI8SC27	N/A	Homo sapiens	106
IL1R1	C9JWB2	N/A	Homo sapiens	114
LTA	Q6FG55	Lymphotoxin-alpha	Homo sapiens	205
CCL25	C9JDZ7	C-C motif chemokine 25	Homo sapiens	150
IL17RA	A0A8Q3WK71	N/A	Homo sapiens	129
MICA	A0A1W2PRA6	N/A	Homo sapiens	332
HLA-B	C0KXH2	N/A	Homo sapiens	362
TNF	C1K3N5	Tumor necrosis factor	Homo sapiens	232
IL12B	A0A8Q3SJ12	N/A	Homo sapiens	128
NFKB1	A0A8V8TLB2	N/A	Homo sapiens	72
JAK3	A0A0S2Z4R7	N/A	Homo sapiens	518
PLCG1	V9GY63	Phosphoinositide phospholipase C	Homo sapiens	219
JAK2	A0A1B0GTR9	Tyrosine-protein kinase	Homo sapiens	710
IL23A	Q9NPF7	Interleukin-23 subunit alpha	Homo sapiens	189
IL23R	B6VNT5	Interleukin-23 receptor	Homo sapiens	227
ERAP1	A0A0A7E6J5	Aminopeptidase	Homo sapiens	941
RUNX3	Q13761	Runt-related transcription factor 3	Homo sapiens	415
FOS	G3V5N7	Protein c-Fos	Homo sapiens	142
JUN	A0AA34QVR9	Transcription factor Jun	Homo sapiens	353
JUNB	Q6IBG3	Ribonuclease	Homo sapiens	299
GZMK	P49863	Granzyme K	Homo sapiens	264
CD8A	B8ZZZ4	T-cell surface glycoprotein CD8 alpha chain	Homo sapiens	198
CD160	A0ACI8R409	N/A	Homo sapiens	179
GZMB	E9PRD7	N/A	Homo sapiens	90
NKG7	A0A0B4J2A6	N/A	Homo sapiens	142
CD19	P15391	B-lymphocyte antigen CD19	Homo sapiens	556
CD68	J3KRX0	Macrosialin	Homo sapiens	121
S100A12	P80511	Protein S100-A12	Homo sapiens	92
CD83	A0ACI8T8U3	N/A	Homo sapiens	93
CX3CR1	C9JN40	CX3C chemokine receptor 1	Homo sapiens	166
CEBPA	P49715	CCAAT/enhancer-binding protein alpha	Homo sapiens	358
JUND	U3KPR5	Transcription factor JunD	Homo sapiens	166
CEBPG	P53567	CCAAT/enhancer-binding protein gamma	Homo sapiens	150
FOSL1	E9PPX2	N/A	Homo sapiens	235
TBX21	A0ACI8SC46	N/A	Homo sapiens	556
RELA	F6T8P2	N/A	Homo sapiens	377
PRDM1	A0A3B3IU23	PR domain zinc finger protein 1	Homo sapiens	839
TLR4	O00206	Toll-like receptor 4	Homo sapiens	839
EGFR	A2VCQ7	receptor protein-tyrosine kinase	Homo sapiens	388
SOD2	P04179	Superoxide dismutase [Mn], mitochondrial	Homo sapiens	222
VCAM1	P19320	Vascular cell adhesion protein 1	Homo sapiens	739
CTSB	A0A7I2V4S6	Cathepsin B	Homo sapiens	271
TNFRSF1A	A0ACI8R1L8	N/A	Homo sapiens	452
CD63	F8W022	Tetraspanin	Homo sapiens	215
RPS26	P62854	Small ribosomal subunit protein eS26	Homo sapiens	115
JDP2	A0ACI8UVK4	N/A	Homo sapiens	194
YWHAB	A0A0J9YWE8	N/A	Homo sapiens	149
IL21	Q9HBE4	Interleukin-21	Homo sapiens	162
IL1A	P01583	Interleukin-1 alpha	Homo sapiens	271
EZH2	A0ACI8S7T6	N/A	Homo sapiens	753
RORC	A0A1W2PRM4	N/A	Homo sapiens	51
KDM5B	A0A3B3IT25	Lysine-specific demethylase 5B	Homo sapiens	1517
PGD	A0ACI8RE54	N/A	Homo sapiens	482
ACKR2	V9GYB7	Atypical chemokine receptor 2	Homo sapiens	233
FOXP3	A0A0A0MSM5	N/A	Homo sapiens	454
S100A9	A0ACI8VR95	N/A	Homo sapiens	113
CXCL8	A0A8Q3SIG6	N/A	Homo sapiens	40
CXCR2	C9J2F9	C-X-C chemokine receptor type 2	Homo sapiens	138
CCR6	P51684	C-C chemokine receptor type 6	Homo sapiens	374
PDCD1	A0A0M3M0G7	Programmed cell death protein 1	Homo sapiens	288
MAF	H3BP11	Transcription factor Maf	Homo sapiens	383
IFNG	P01579	Interferon gamma	Homo sapiens	166
IL17F	Q96PD4	Interleukin-17F	Homo sapiens	163
IL22	Q6NZ83	N/A	Homo sapiens	179
CTSK	A0A7I2V5Y9	N/A	Homo sapiens	256
ACP5	P13686	Tartrate-resistant acid phosphatase type 5	Homo sapiens	325
CD4	Q6LCP8	N/A	Homo sapiens	78
CD80	A0N0P2	T-lymphocyte activation antigen CD80	Homo sapiens	288
CD86	C9JXS1	N/A	Homo sapiens	167
TRAF3IP2	A0A494C0G2	N/A	Homo sapiens	61
AHR	A0A2R8Y7G1	Aryl hydrocarbon receptor	Homo sapiens	833
SGK1	E9PR89	N/A	Homo sapiens	387
SOX4	Q06945	Transcription factor SOX-4	Homo sapiens	474
KIR3DL1	A0A0G2JN48	N/A	Homo sapiens	411
IL33	A0ACI8QJ73	N/A	Homo sapiens	180
CSF2	P04141	Granulocyte-macrophage colony-stimulating factor	Homo sapiens	144
IL1B	O43645	Multifunctional fusion protein	Homo sapiens	153
GJB2	V5Q007	Gap junction protein	Homo sapiens	226
ACP7	A0ACI8QUD1	N/A	Homo sapiens	392
TGFA	F8WA74	N/A	Homo sapiens	120
SLC7A5	A0A0C4DGL4	N/A	Homo sapiens	241
FUT2	A0A7L9AYG2	L-Fucosyltransferase	Homo sapiens	77
UTP11	A0ACI8QC98	N/A	Homo sapiens	178
ADIPOQ	A8K660	N/A	Homo sapiens	244
HIF1A	A0ACI8SXZ0	N/A	Homo sapiens	800
IL6R	H0Y9B1	Interleukin-6 receptor subunit alpha	Homo sapiens	294
IFNGR1	A0A2R8Y4U4	Interferon gamma receptor 1	Homo sapiens	479
PPARG	E9PFV2	Peroxisome proliferator-activated receptor gamma	Homo sapiens	475
GAPDH	A0ACI8T1C6	N/A	Homo sapiens	269
TNFAIP3	D3TTZ2	Tumor necrosis factor alpha-induced protein 3	Homo sapiens	750
CCL3	A0N0R1	C-C motif chemokine	Homo sapiens	92
IL18	A0ACI8UFS3	N/A	Homo sapiens	148
RIT1	A0A994J480	N/A	Homo sapiens	101
BGLAP	P02818	Osteocalcin	Homo sapiens	100
IL10	A0A286YEX3	Interleukin family protein	Homo sapiens	93
PTGS1	A0ACI8PWV5	N/A	Homo sapiens	514
ITGAX	H3BN02	N/A	Homo sapiens	1169
NPEPPS	A0A7I2V604	N/A	Homo sapiens	295
ITGAM	A0A3T1DF60	N/A	Homo sapiens	30
SOST	Q9BQB4	Sclerostin	Homo sapiens	213
DKK1	I1W660	N/A	Homo sapiens	266
TNFSF11	O14788	Tumor necrosis factor ligand superfamily member 11	Homo sapiens	317
SPP1	A0ACI8S0K2	N/A	Homo sapiens	311
IFNLR1	A0ACI8PWQ5	N/A	Homo sapiens	417
STAT1	A0A669KB56	Signal transducer and activator of transcription	Homo sapiens	748
CD40	A0A0S2Z349	Tumor necrosis factor receptor superfamily member 5	Homo sapiens	225
RSAD2	C9J674	N/A	Homo sapiens	293
IL15	P40933	Interleukin-15	Homo sapiens	162
MMP9	A0ACI8QNM3	N/A	Homo sapiens	686
NAMPT	A0A7P0TA73	Nicotinamide phosphoribosyltransferase	Homo sapiens	253
VEGFA	A0A0A0MSI7	Vascular permeability factor	Homo sapiens	389
IL37	Q9NZH6	Interleukin-37	Homo sapiens	218
CRP	C9JRE9	N/A	Homo sapiens	46
PTPN22	G3K0T4	protein-tyrosine-phosphatase	Homo sapiens	783
IL6	B5MC14	Interleukin-6	Homo sapiens	198
S100A8	A0ACI8UZP7	N/A	Homo sapiens	91
MMP3	A5GZ70	N/A	Homo sapiens	71
PTX3	A0ACI8VKH5	N/A	Homo sapiens	247
LEP	Q6NT58	Leptin	Homo sapiens	167
TNFSF15	X6R8I9	Tumor necrosis factor ligand superfamily member 15	Homo sapiens	174
IRAK1	A0ACI8TDD7	N/A	Homo sapiens	712
TLR9	D1CS61	Toll-like receptor 9	Homo sapiens	1032
MIR146A	NA	NA	NA	NA
PSMD7	H3BTM8	26S proteasome non-ATPase regulatory subunit 7	Homo sapiens	198
TLR2	A0A2R8Y7R7	N/A	Homo sapiens	32
PTGS2	D9MWI3	N/A	Homo sapiens	53
ICAM1	K7EKL8	N/A	Homo sapiens	180
IL7	P13232	Interleukin-7	Homo sapiens	177
TNFRSF10A	F8U8C0	N/A	Homo sapiens	310
RETN	Q9HD89	Resistin	Homo sapiens	108
IL2	Q13169	Interleukin-2	Homo sapiens	156
IL4	B0JFA2	Interleukin-4	Homo sapiens	153
IL5	P05113	Interleukin-5	Homo sapiens	134
CCRL2	C9JP23	N/A	Homo sapiens	217
EGF	A0A494C018	Pro-epidermal growth factor	Homo sapiens	1010
ALB	A0A0C4DGB6	Albumin	Homo sapiens	604
NOD2	A0A8V8TL25	N/A	Homo sapiens	169
GPT	A0ACI8QJ99	N/A	Homo sapiens	475
IL13	Q4VB51	Interleukin-13	Homo sapiens	81
CD28	P10747	T-cell-specific surface glycoprotein CD28	Homo sapiens	220
PRTN3	U3KPS2	N/A	Homo sapiens	215
MMP1	Q96DZ4	interstitial collagenase	Homo sapiens	232
IFNA1	L0N195	N/A	Homo sapiens	189
INS	C9JNR5	N/A	Homo sapiens	92
ACE	A0ACI8Q446	N/A	Homo sapiens	1265
IL1RN	A0A8Q3WMN6	N/A	Homo sapiens	40
CD40LG	C1L3E0	CD40 ligand	Homo sapiens	261
TNFRSF1B	A0ACI8RIE1	N/A	Homo sapiens	483
EDNRA	A0ACI8U5T0	N/A	Homo sapiens	265
PTH	P01270	Parathyroid hormone	Homo sapiens	115
TYK2	A0A8V8TN50	Tyrosine-protein kinase	Homo sapiens	1066
NOS2	A0A2R8YDS4	Nitric oxide synthase	Homo sapiens	1152
FCGR2A	V9GY83	N/A	Homo sapiens	190
SERPINE1	A0ACI8UJY4	N/A	Homo sapiens	324
TGFB1	A0A7I2YQL8	Transforming growth factor beta	Homo sapiens	370
TRAF5	A0ACI8U822	N/A	Homo sapiens	523
TRAF2	B1AMY1	N/A	Homo sapiens	121
AREG	D6RFX5	N/A	Homo sapiens	274
BRAF	A0ACI8RM22	N/A	Homo sapiens	270
PHEX	A0A804HKN7	N/A	Homo sapiens	171
KIR3DL2	A0A0U1WNF9	N/A	Homo sapiens	455
SYT1	A0A994J4M1	Synaptotagmin	Homo sapiens	338
COL1A1	A0ACI8PL02	N/A	Homo sapiens	1446
FCGR3A	A0A8V8TPL1	N/A	Homo sapiens	237
RUNX2	I3L0L0	N/A	Homo sapiens	542
SOCS1	Q4JHT5	Suppressor of cytokine signaling 1	Homo sapiens	211
MEFV	F5H2E5	Pyrin	Homo sapiens	613
RPS6KB1	A0ACI8R486	N/A	Homo sapiens	504
TNIP1	A0ACI8QD37	N/A	Homo sapiens	546
TRAF4	J3QS94	N/A	Homo sapiens	92
BMP2	U3N491	N/A	Homo sapiens	114
MCAM	A0ACI8PAZ0	N/A	Homo sapiens	638
HHAT	F5H2Y1	N/A	Homo sapiens	82
IRS1	P35568	Insulin receptor substrate 1	Homo sapiens	1242
GATA3	A0A994J6H6	N/A	Homo sapiens	191
IL1F10	Q8WWZ1	Interleukin-1 family member 10	Homo sapiens	152
HSPA5	A0ACI8TL41	N/A	Homo sapiens	262
IFIH1	A0A7P0Z4A9	Interferon-induced helicase C domain-containing protein 1	Homo sapiens	921
RBM45	A0ACI8UWQ0	N/A	Homo sapiens	617
TNFSF10	A0ACI8VIV8	N/A	Homo sapiens	265
GEM	A0ACI8QZR3	N/A	Homo sapiens	295
CD38	H0Y950	ADP-ribosyl cyclase/cyclic ADP-ribose hydrolase 1	Homo sapiens	151
CUX1	A0A2R8Y8D0	N/A	Homo sapiens	117
WNK1	A0ACI8QQF1	N/A	Homo sapiens	2106
AQP1	A0A494C115	Aquaporin-1	Homo sapiens	199
SAA1	A0A3B3ISW8	Serum amyloid A protein	Homo sapiens	77
ITGAL	A0A7I2V4B0	N/A	Homo sapiens	309
DLAT	A0A7P0TA47	Acetyltransferase component of pyruvate dehydrogenase complex	Homo sapiens	446
CYP1A1	Q0VHD5	Cytochrome P450 1A	Homo sapiens	483
TIMP1	Q5H9B4	Metalloproteinase inhibitor 1	Homo sapiens	95
PRF1	A0A1W2PR25	N/A	Homo sapiens	232
ERN1	A0A7P0TAB0	non-specific serine/threonine protein kinase	Homo sapiens	905
SEC14L2	C9JTM4	N/A	Homo sapiens	125
UQCR10	A0ACI8RSM6	N/A	Homo sapiens	62
MIR21	NA	NA	NA	NA
CAST	A0A0C4DGB5	Calpastatin	Homo sapiens	741
PDLIM7	D6RF83	N/A	Homo sapiens	173
VDR	Q6T928	N/A	Homo sapiens	29
UBE2L3	A0ACI8S7J6	N/A	Homo sapiens	183
CREM	C9IYM9	cAMP-responsive element modulator	Homo sapiens	186
PPARGC1B	Q8TAL0	Peroxisome proliferator-activated receptor gamma coactivator 1-beta	Homo sapiens	741
MBL2	A0ACI8S7D1	N/A	Homo sapiens	246
ADGRL2	A0A6I8PRJ0	N/A	Homo sapiens	1470
LINC01185	NA	NA	NA	NA
TRBV20OR9-2	A0A075B6H5	N/A	Homo sapiens	111
SERPINA1	G3V387	N/A	Homo sapiens	117
HLA-A	B1PKY3	N/A	Homo sapiens	365
HLA-C	A0AAT9V8T4	N/A	Homo sapiens	366
HLA-DRB1	P01911	HLA class II histocompatibility antigen, DRB1 beta chain	Homo sapiens	266
KIR2DS1	A0A5F9ZHF6	N/A	Homo sapiens	234
IL36RN	U3KPW9	N/A	Homo sapiens	52
MT-CO2 / COX2	NA	NA	NA	NA
RPS19	M0R2L9	N/A	Homo sapiens	71
CD3E	E9PSH8	T-cell surface glycoprotein CD3 epsilon chain	Homo sapiens	201
TYMP	A0A0S2Z3P7	N/A	Homo sapiens	141
SF3B1	A0A494C1M2	N/A	Homo sapiens	161
SMARCA4	Q9HBD4	N/A	Homo sapiens	1679
RPL15	E7ERA2	Ribosomal protein L15	Homo sapiens	44
SH3BGRL3	Q5T123	SH3 domain-binding glutamic acid-rich-like protein 3	Homo sapiens	88
PLA2G4D	Q86XP0	Cytosolic phospholipase A2 delta	Homo sapiens	818
BNIP3L	A0ACI8PUZ5	N/A	Homo sapiens	233
ERP44	A0A8I5KT21	N/A	Homo sapiens	71
MSN	A0A8V8TKR9	N/A	Homo sapiens	566
IFI16	X6RHM1	N/A	Homo sapiens	180
SPCS3	P61009	Signal peptidase complex subunit 3	Homo sapiens	180
PSMC2	A0ACI8SRN6	N/A	Homo sapiens	389
CCND3	P30281	G1/S-specific cyclin-D3	Homo sapiens	292
MCL1	A0A7I2V2W2	N/A	Homo sapiens	152
MTHFR	F8W9T8	Methylenetetrahydrofolate reductase	Homo sapiens	229
TMBIM6	A0A0G2JKZ4	N/A	Homo sapiens	10
SAMD9	C9JKF1	N/A	Homo sapiens	1283
MIX23	C9JQ41	N/A	Homo sapiens	130
SF3B3	A0ACI8RPC1	N/A	Homo sapiens	1176
CCR2	E9PH76	N/A	Homo sapiens	121
PFKL	P17858	ATP-dependent 6-phosphofructokinase, liver type	Homo sapiens	780
YOD1	Q5VVQ6	Ubiquitin thioesterase OTU1	Homo sapiens	348
CYCS	A0ACI8V632	N/A	Homo sapiens	90
CD52	Q9UJ81	N/A	Homo sapiens	18
CASP10	A0A8Q3SJ84	N/A	Homo sapiens	276
CD36	A0A0S2Z3J6	Platelet glycoprotein 4	Homo sapiens	93
ZC3H12A	A0A1W2PQC8	N/A	Homo sapiens	283
ZFP36	A0ACI8SX04	N/A	Homo sapiens	211
WDR1	A0A8V8TPA9	N/A	Homo sapiens	51
MX1	A0A7P0T9I6	N/A	Homo sapiens	639
SIAH1	B5BU17	E3 ubiquitin-protein ligase	Homo sapiens	282
ZNF316	A6NFI3	Zinc finger protein 316	Homo sapiens	1004
TPT1	A0ACI8THG6	N/A	Homo sapiens	34
NT5C3A	C9K084	7-methylguanosine nucleotidase	Homo sapiens	42
ATOX1	E5RIM7	Copper transport protein ATOX1	Homo sapiens	73
TALDO1	A0ACI8SBY6	N/A	Homo sapiens	329
RAC1	A0ACI8RIE0	N/A	Homo sapiens	147
RPL36AL	Q969Q0	Ribosomal protein eL42-like	Homo sapiens	106
NMI	Q13287	N-myc-interactor	Homo sapiens	307
ARHGEF3	E7EU49	Rho guanine nucleotide exchange factor 3	Homo sapiens	497
DNAJA2	A0ACI8R7H0	N/A	Homo sapiens	392
PPARD	A0ACI8SUH3	N/A	Homo sapiens	125
TPST2	A0ACI8T243	N/A	Homo sapiens	257
LILRB2	A0ACI8UIC4	N/A	Homo sapiens	580
SSR1	A0A3B3IRT8	Translocon-associated protein subunit alpha	Homo sapiens	288
AKAP13	A0A087WY36	A-kinase anchor protein 13	Homo sapiens	967
RPS21	P63220	Small ribosomal subunit protein eS21	Homo sapiens	83
RPL7	P18124	Large ribosomal subunit protein uL30	Homo sapiens	248
XAF1	A0ACI8R807	N/A	Homo sapiens	337
VIM	B0YJC4	Vimentin	Homo sapiens	431
TRIM69	A0AAQ5BHH2	N/A	Homo sapiens	200
SERPINB1	A0ACI8RXI4	N/A	Homo sapiens	372
RPS7	A0ACI8T0J6	N/A	Homo sapiens	188
CSNK1A1	A0A590UJ43	non-specific serine/threonine protein kinase	Homo sapiens	426
GLUL	A0A2R8YDT1	Glutamine synthetase	Homo sapiens	507
PYGL	P06737	Glycogen phosphorylase, liver form	Homo sapiens	847
NCOA7	Q8N4U9	N/A	Homo sapiens	677
EIF5B	Q8N5A0	Eukaryotic translation initiation factor 5B	Homo sapiens	1220
MRPS23	J3QLR8	Small ribosomal subunit protein mS23	Homo sapiens	152
CDC42BPB	Q86XZ8	non-specific serine/threonine protein kinase	Homo sapiens	492
CXCL16	A0A6I8PIU7	N/A	Homo sapiens	115
GOLIM4	F8W785	N/A	Homo sapiens	668
NDUFS1	A0ACI8QXZ0	N/A	Homo sapiens	725
ENO1	K7EM90	phosphopyruvate hydratase	Homo sapiens	195
DNAJB6	A0A0J9YX62	N/A	Homo sapiens	334
SMOX	Q5TE25	N/A	Homo sapiens	442
TOMM5	F8W8Z9	N/A	Homo sapiens	98
HK2	P52789	Hexokinase-2	Homo sapiens	917
GBP5	E7ETN8	N/A	Homo sapiens	483
CCL2	J3KRT7	N/A	Homo sapiens	65
CASP1	A0A8Q3SI00	N/A	Homo sapiens	336
PIK3CD	A0A2K8FKT1	Phosphatidylinositol 4,5-bisphosphate 3-kinase catalytic subunit delta isoform	Homo sapiens	1014
PGK1	A0ACI8TA21	N/A	Homo sapiens	411
LAMP1	P11279	Lysosome-associated membrane glycoprotein 1	Homo sapiens	417
LAMP2	A0A9L9PXQ4	Lysosome-associated membrane glycoprotein 2	Homo sapiens	454
ATG5	A0A1B0GV54	Autophagy protein 5	Homo sapiens	153
NLRP3	A0A7I2R3P8	NACHT, LRR and PYD domains-containing protein 3	Homo sapiens	1034
PINK1	Q9BXM7	Serine/threonine-protein kinase PINK1, mitochondrial	Homo sapiens	581
XBP1	B1AHH1	X-box-binding protein 1	Homo sapiens	211
SEC24B	A0ACI8RKX1	N/A	Homo sapiens	1207
CD14	D6RFL4	Monocyte differentiation antigen CD14	Homo sapiens	213
CARD9	Q9H257	Caspase recruitment domain-containing protein 9	Homo sapiens	536
GPR35	Q9HC97	G protein-coupled receptor 35	Homo sapiens	309
ADCY7	A0A669KBF7	adenylate cyclase	Homo sapiens	152
ATG16L1	A0ACI8RKP1	N/A	Homo sapiens	504
CRB1	A0A0C4DG35	N/A	Homo sapiens	42
CTLA4	A0A8Q3WKZ2	Cytotoxic T-lymphocyte protein 4	Homo sapiens	203
FNBP1	B7ZL14	N/A	Homo sapiens	551
TNFAIP6	P98066	Tumor necrosis factor-inducible gene 6 protein	Homo sapiens	277
TFPI	A0ACI8S8N5	N/A	Homo sapiens	201
IL2RA	P01589	Interleukin-2 receptor subunit alpha	Homo sapiens	272
FOSL2	A0ACI8V1S5	N/A	Homo sapiens	242
DYSF	A0A8V8TMV5	N/A	Homo sapiens	1257
LILRA5	A0A0U4ARJ3	N/A	Homo sapiens	299
STIM1	V5J3L2	N/A	Homo sapiens	685
ATXN2L	A0A0C4DGL7	N/A	Homo sapiens	401
IGF2	E3UN46	Insulin-like growth factor 2	Homo sapiens	109
WWOX	A0A411HBD8	WW domain-containing oxidoreductase	Homo sapiens	334
DUSP4	Q13115	Dual specificity protein phosphatase 4	Homo sapiens	394
DDIT3	F8W133	N/A	Homo sapiens	145
SUOX	P51687	Sulfite oxidase, mitochondrial	Homo sapiens	545
OSMR	H0Y9E3	N/A	Homo sapiens	188
PER1	J3QL55	N/A	Homo sapiens	175
ITGA2B	A0A3B3IU79	N/A	Homo sapiens	811
ANKRD55	D6R9N4	N/A	Homo sapiens	178
ZMIZ1	Q149N7	N/A	Homo sapiens	220
LRRK2	A0A2R8Y4F8	N/A	Homo sapiens	78
INS-IGF2	F8WCM5	Insulin, isoform 2	Homo sapiens	200
ERAP2	H0YAL8	Aminopeptidase	Homo sapiens	916
FCGR1A	A0ACI8RSN4	N/A	Homo sapiens	357
CMTM2	H3BMC0	N/A	Homo sapiens	51
CD8B	A0ACI8R443	N/A	Homo sapiens	90
BEND2	Q8NDZ0	BEN domain-containing protein 2	Homo sapiens	799
IGF2-AS	Q6U949	Putative insulin-like growth factor 2 antisense gene protein	Homo sapiens	168
LURAP1L	Q8IV03	Leucine rich adaptor protein 1-like	Homo sapiens	228
FAXDC2	E5RJN8	N/A	Homo sapiens	43
IL21-AS1	NA	NA	NA	NA
LURAP1L-AS1	NA	NA	NA	NA
LINC01250	NA	NA	NA	NA
SCN1A	A0A286YF26	Sodium channel protein	Homo sapiens	1997
ABCB11	A0ACI8PSQ8	N/A	Homo sapiens	1335
FRZB	A0ACI8S504	N/A	Homo sapiens	309
GINS1	A0A8Q3SIW3	GINS complex subunit 1	Homo sapiens	133
TMPRSS11B	Q86T26	Transmembrane protease serine 11B	Homo sapiens	416
EOMES	O95936	Eomesodermin homolog	Homo sapiens	686
AIM2	A0A8Q3WLZ2	N/A	Homo sapiens	206
ICOS	A0ACI8QMD0	N/A	Homo sapiens	87
CCL20	A0A2R8Y806	N/A	Homo sapiens	25
CLIC3	A0ACI8P9N3	N/A	Homo sapiens	227
SLC7A11	Q9UPY5	Cystine/glutamate transporter	Homo sapiens	501
TEK	A0A087WWI7	N/A	Homo sapiens	468
GBP1	A0ACI8V4F1	N/A	Homo sapiens	590
GBP3	A0ACI8UV38	N/A	Homo sapiens	396
TTC39B	A0A8V8PNE1	Tetratricopeptide repeat protein 39B	Homo sapiens	616
TNFRSF9	K7EJQ2	N/A	Homo sapiens	87
TGFBR3	A0ACI8PKN0	N/A	Homo sapiens	849
SPON2	A0ACI8V310	N/A	Homo sapiens	134
CXCL10	P02778	C-X-C motif chemokine 10	Homo sapiens	98
CXCL13	Q53X90	C-X-C motif chemokine	Homo sapiens	109
SLC2A3	A0ACI8TDI4	N/A	Homo sapiens	507
HYAL4	Q2M3T9	Hyaluronidase-4	Homo sapiens	481
CALD1	C9JEK3	N/A	Homo sapiens	132
OLR1	F5GZH1	N/A	Homo sapiens	165
CSMD1	F8W9C3	N/A	Homo sapiens	3388
CCND1				FOS	NA	NA	NA	NA
DDX60	Q8IY21	Probable ATP-dependent RNA helicase DDX60	Homo sapiens	1712
NRG1	A0A494C114	Pro-neuregulin-1, membrane-bound isoform	Homo sapiens	207
TNFSF13B	Q8IZI4	N/A	Homo sapiens	158
TLR3	A0A8V8TLN9	N/A	Homo sapiens	299
PLS1	A0ACI8RS12	N/A	Homo sapiens	628
SAR1A	A0ACI8QXW8	N/A	Homo sapiens	196
BTG1	P62324	Protein BTG1	Homo sapiens	171
CCL5	A0A075B7C5	N/A	Homo sapiens	150
LMO7	H0YE95	N/A	Homo sapiens	1311
GZMA	P12544	Granzyme A	Homo sapiens	262
PSME2	A0A087X1Z3	Proteasome activator complex subunit 2	Homo sapiens	254
GJB6	O95452	Gap junction beta-6 protein	Homo sapiens	261
PLG	A0ACI8PVT1	N/A	Homo sapiens	729
EGR3	E5RIM5	N/A	Homo sapiens	71
PLIN5	A0ACI8R087	N/A	Homo sapiens	431
APOL6	Q9BWW8	Apolipoprotein L6	Homo sapiens	343
TMEM45A	C9J9Z5	N/A	Homo sapiens	191
TNFAIP8	E5RIJ3	Tumor necrosis factor alpha-induced protein 8	Homo sapiens	68
CD274	Q9NZQ7	Programmed cell death 1 ligand 1	Homo sapiens	290
IFIT3	A0A7P0Z4G0	N/A	Homo sapiens	78
MUCL1	F8VV13	N/A	Homo sapiens	85
ZNF483	A0ACI8T128	N/A	Homo sapiens	713
TRIM22	C9JWC5	RING-type E3 ubiquitin transferase	Homo sapiens	466
CLEC2B	F5H631	N/A	Homo sapiens	80
S100P	P25815	Protein S100-P	Homo sapiens	95
NABP1	H7C0W4	SOSS complex subunit B2	Homo sapiens	168
PSG2	A0A0A0MR77	N/A	Homo sapiens	117
PI3	P19957	Elafin	Homo sapiens	117
HERC6	A0ACI8S868	N/A	Homo sapiens	943
LYZ	A0A0B4J259	Lysozyme C	Homo sapiens	137
APOL1	A0A1B2FJD8	N/A	Homo sapiens	247
IFI6	A0A348GSI1	N/A	Homo sapiens	130
HSPA6	P17066	Heat shock 70 kDa protein 6	Homo sapiens	643
C15ORF48	Q9C002	Cytochrome c oxidase associated subunit FA4L3	Homo sapiens	83
KLRB1	Q12918	Killer cell lectin-like receptor subfamily B member 1	Homo sapiens	225
CYP4F22	Q6NT55	Ultra-long-chain fatty acid omega-hydroxylase	Homo sapiens	531
HLA-DQB1	K4Q1X7	N/A	Homo sapiens	261
SLC51B	A0ACI8UNC0	N/A	Homo sapiens	116
NOXRED1	G3V2D4	NADP-dependent oxidoreductase domain-containing protein 1	Homo sapiens	223
C7ORF57	Q86XB5	N/A	Homo sapiens	296
EFCAB13	E5RFW6	N/A	Homo sapiens	37
HCAR3	P49019	Hydroxycarboxylic acid receptor 3	Homo sapiens	387
ADAMTS9	H0Y859	N/A	Homo sapiens	991
MYNN	A0ACI8R4E0	N/A	Homo sapiens	500
SP7	F8VV67	N/A	Homo sapiens	269
SLC1A2	A0A2R8Y4D1	Amino acid transporter	Homo sapiens	397
PFDN4	A0ACI8T2X7	N/A	Homo sapiens	133
FGB	A0ACI8S821	N/A	Homo sapiens	472
KANK4	A0ACI8QZI5	N/A	Homo sapiens	971
EFCAB7	A0ACI8VS64	N/A	Homo sapiens	529
PPARGC1A	A0ACI8RQ81	N/A	Homo sapiens	813
TOMM7	A6NIV2	Mitochondrial import receptor subunit TOM7 homolog	Homo sapiens	125
CSN3	Q9UNS2	COP9 signalosome complex subunit 3	Homo sapiens	423
CLEC4D	A6NHA5	N/A	Homo sapiens	144
CD69	F6Y2Y2	N/A	Homo sapiens	164
MMP7	A0ACI8RXP0	N/A	Homo sapiens	229
CAPS2	A0ACI8QHB6	N/A	Homo sapiens	525
RPL41	A0ACI8UFD2	N/A	Homo sapiens	22
CENPK	D6RC76	N/A	Homo sapiens	176
ABCD2	A0ACI8VB02	N/A	Homo sapiens	733
PFDN5	F8VNW6	N/A	Homo sapiens	41
ANXA1	A0ACI8UTG8	N/A	Homo sapiens	345
JRKL	Q9Y4A0	Jerky protein homolog-like	Homo sapiens	524
LPAL2	Q16609	Putative apolipoprotein(a)-like protein 2	Homo sapiens	132
ZNF415	M0QX59	N/A	Homo sapiens	73
RGPD6	A0A8Q3SII4	N/A	Homo sapiens	1748
CMAHP	Q9Y471	Inactive cytidine monophosphate-N-acetylneuraminic acid hydroxylase	Homo sapiens	501
