Gene_Original	ID_Ensembl	Biotipo_Ensembl	ID_RNAcentral	Tipo_RNAcentral	Status
MIR146A	ENSG00000283733	miRNA	URS0003C7548F	pre_miRNA	Encontrado
MIR21	ENSG00000284190	miRNA	URS0003C7548F	pre_miRNA	Encontrado
LINC01185	NA	NA	URS0003C7548F	pre_miRNA	Encontrado
TRBV20OR9-2	ENSG00000205274	TR_V_gene	URS0003C7548F	pre_miRNA	Encontrado
MT-CO2 / COX2	ENSG00000198712	protein_coding	URS0003C7548F	pre_miRNA	Encontrado
IL21-AS1	ENSG00000227145	lncRNA	URS0003C7548F	pre_miRNA	Encontrado
LURAP1L-AS1	ENSG00000235448	lncRNA	URS0003C7548F	pre_miRNA	Encontrado
LINC01250	ENSG00000234423	lncRNA	URS0003C7548F	pre_miRNA	Encontrado
CCND1				FOS	NA	NA	URS0003C7548F	pre_miRNA	Encontrado
