Gene	Consequencia	Significancia_Clinica	rs_key	UniProt_ID	rsID_dbSNP	Proteina_Mudanca	AlphaMissense_Score	AlphaMissense_Classificacao	ID_UniProt	Nome_Proteina	Organismo	Status	Link_AlphaFold
CCL2	missense_variant		1020627118						P13500	C-C motif chemokine 2	Homo sapiens	Encontrado	https://alphafold.ebi.ac.uk/entry/P13500
CCL2	missense_variant		1216487791						P13500	C-C motif chemokine 2	Homo sapiens	Encontrado	https://alphafold.ebi.ac.uk/entry/P13500
CCL2	missense_variant		1224204710						P13500	C-C motif chemokine 2	Homo sapiens	Encontrado	https://alphafold.ebi.ac.uk/entry/P13500
CCL2	missense_variant		1258725179						P13500	C-C motif chemokine 2	Homo sapiens	Encontrado	https://alphafold.ebi.ac.uk/entry/P13500
CCL2	missense_variant		1269280749						P13500	C-C motif chemokine 2	Homo sapiens	Encontrado	https://alphafold.ebi.ac.uk/entry/P13500
CCL2	missense_variant		1285263252						P13500	C-C motif chemokine 2	Homo sapiens	Encontrado	https://alphafold.ebi.ac.uk/entry/P13500
CCL2	missense_variant		1290687095						P13500	C-C motif chemokine 2	Homo sapiens	Encontrado	https://alphafold.ebi.ac.uk/entry/P13500
CCL2	missense_variant		1305394397						P13500	C-C motif chemokine 2	Homo sapiens	Encontrado	https://alphafold.ebi.ac.uk/entry/P13500
CCL2	missense_variant		1335527383	P13500	rs1335527383	N29K	0.098		P13500	C-C motif chemokine 2	Homo sapiens	Encontrado	https://alphafold.ebi.ac.uk/entry/P13500
CCL2	missense_variant		1335527383	P13500	rs1335527383	N29K	0.07		P13500	C-C motif chemokine 2	Homo sapiens	Encontrado	https://alphafold.ebi.ac.uk/entry/P13500
CCL2	missense_variant		1335527383	P13500	rs1335527383	N29K	0.101		P13500	C-C motif chemokine 2	Homo sapiens	Encontrado	https://alphafold.ebi.ac.uk/entry/P13500
CCL2	missense_variant		1335527383	P13500	rs1335527383	N29K	0.12		P13500	C-C motif chemokine 2	Homo sapiens	Encontrado	https://alphafold.ebi.ac.uk/entry/P13500
CCL2	missense_variant		1349052925						P13500	C-C motif chemokine 2	Homo sapiens	Encontrado	https://alphafold.ebi.ac.uk/entry/P13500
CCL2	missense_variant		1365264424	P13500	rs1365264424	T39I	0.021		P13500	C-C motif chemokine 2	Homo sapiens	Encontrado	https://alphafold.ebi.ac.uk/entry/P13500
CCL2	missense_variant		1365264424	P13500	rs1365264424	T39I	0.43		P13500	C-C motif chemokine 2	Homo sapiens	Encontrado	https://alphafold.ebi.ac.uk/entry/P13500
CCL2	missense_variant		1365264424	P13500	rs1365264424	T39I	0.022		P13500	C-C motif chemokine 2	Homo sapiens	Encontrado	https://alphafold.ebi.ac.uk/entry/P13500
CCL2	missense_variant		1365264424	P13500	rs1365264424	T39I	0.52		P13500	C-C motif chemokine 2	Homo sapiens	Encontrado	https://alphafold.ebi.ac.uk/entry/P13500
CCL2	missense_variant		1390347124						P13500	C-C motif chemokine 2	Homo sapiens	Encontrado	https://alphafold.ebi.ac.uk/entry/P13500
CCL2	missense_variant		1391836442						P13500	C-C motif chemokine 2	Homo sapiens	Encontrado	https://alphafold.ebi.ac.uk/entry/P13500
CCL2	missense_variant		1403476844						P13500	C-C motif chemokine 2	Homo sapiens	Encontrado	https://alphafold.ebi.ac.uk/entry/P13500
CCL2	missense_variant		1409609758						P13500	C-C motif chemokine 2	Homo sapiens	Encontrado	https://alphafold.ebi.ac.uk/entry/P13500
CCL2	missense_variant		1423693699						P13500	C-C motif chemokine 2	Homo sapiens	Encontrado	https://alphafold.ebi.ac.uk/entry/P13500
CCL2	missense_variant		1427502009						P13500	C-C motif chemokine 2	Homo sapiens	Encontrado	https://alphafold.ebi.ac.uk/entry/P13500
CCL2	missense_variant		144450837						P13500	C-C motif chemokine 2	Homo sapiens	Encontrado	https://alphafold.ebi.ac.uk/entry/P13500
CCL2	missense_variant		145056785						P13500	C-C motif chemokine 2	Homo sapiens	Encontrado	https://alphafold.ebi.ac.uk/entry/P13500
CCL2	missense_variant		146604396						P13500	C-C motif chemokine 2	Homo sapiens	Encontrado	https://alphafold.ebi.ac.uk/entry/P13500
CCL2	missense_variant		1472419843	P13500	rs1472419843	K67R	0.029		P13500	C-C motif chemokine 2	Homo sapiens	Encontrado	https://alphafold.ebi.ac.uk/entry/P13500
CCL2	missense_variant		1472419843	P13500	rs1472419843	K67R	0.22		P13500	C-C motif chemokine 2	Homo sapiens	Encontrado	https://alphafold.ebi.ac.uk/entry/P13500
CCL2	missense_variant		1472419843	P13500	rs1472419843	K67R	0.031		P13500	C-C motif chemokine 2	Homo sapiens	Encontrado	https://alphafold.ebi.ac.uk/entry/P13500
CCL2	missense_variant		1472419843	P13500	rs1472419843	K67R	0.25		P13500	C-C motif chemokine 2	Homo sapiens	Encontrado	https://alphafold.ebi.ac.uk/entry/P13500
CCL2	missense_variant		148285031						P13500	C-C motif chemokine 2	Homo sapiens	Encontrado	https://alphafold.ebi.ac.uk/entry/P13500
CCL2	missense_variant	uncertain significance	148937652	P13500	rs148937652	A49V	0.015		P13500	C-C motif chemokine 2	Homo sapiens	Encontrado	https://alphafold.ebi.ac.uk/entry/P13500
CCL2	missense_variant	uncertain significance	148937652	P13500	rs148937652	A49V	0.32		P13500	C-C motif chemokine 2	Homo sapiens	Encontrado	https://alphafold.ebi.ac.uk/entry/P13500
CCL2	missense_variant	uncertain significance	148937652	P13500	rs148937652	A49V	0.015		P13500	C-C motif chemokine 2	Homo sapiens	Encontrado	https://alphafold.ebi.ac.uk/entry/P13500
CCL2	missense_variant	uncertain significance	148937652	P13500	rs148937652	A49V	0.29		P13500	C-C motif chemokine 2	Homo sapiens	Encontrado	https://alphafold.ebi.ac.uk/entry/P13500
CCL2	missense_variant		1490945086						P13500	C-C motif chemokine 2	Homo sapiens	Encontrado	https://alphafold.ebi.ac.uk/entry/P13500
CCL2	missense_variant		1598083674						P13500	C-C motif chemokine 2	Homo sapiens	Encontrado	https://alphafold.ebi.ac.uk/entry/P13500
CCL2	missense_variant		1598083692						P13500	C-C motif chemokine 2	Homo sapiens	Encontrado	https://alphafold.ebi.ac.uk/entry/P13500
CCL2	missense_variant		1907652476						P13500	C-C motif chemokine 2	Homo sapiens	Encontrado	https://alphafold.ebi.ac.uk/entry/P13500
CCL2	missense_variant		1907652569						P13500	C-C motif chemokine 2	Homo sapiens	Encontrado	https://alphafold.ebi.ac.uk/entry/P13500
CCL2	missense_variant		1907652844						P13500	C-C motif chemokine 2	Homo sapiens	Encontrado	https://alphafold.ebi.ac.uk/entry/P13500
CCL2	missense_variant		1907654026						P13500	C-C motif chemokine 2	Homo sapiens	Encontrado	https://alphafold.ebi.ac.uk/entry/P13500
CCL2	missense_variant		1907654950						P13500	C-C motif chemokine 2	Homo sapiens	Encontrado	https://alphafold.ebi.ac.uk/entry/P13500
CCL2	missense_variant		1907681027						P13500	C-C motif chemokine 2	Homo sapiens	Encontrado	https://alphafold.ebi.ac.uk/entry/P13500
CCL2	missense_variant		1907681674						P13500	C-C motif chemokine 2	Homo sapiens	Encontrado	https://alphafold.ebi.ac.uk/entry/P13500
CCL2	missense_variant		1907682657						P13500	C-C motif chemokine 2	Homo sapiens	Encontrado	https://alphafold.ebi.ac.uk/entry/P13500
CCL2	missense_variant		1907682750						P13500	C-C motif chemokine 2	Homo sapiens	Encontrado	https://alphafold.ebi.ac.uk/entry/P13500
CCL2	missense_variant		1907682842						P13500	C-C motif chemokine 2	Homo sapiens	Encontrado	https://alphafold.ebi.ac.uk/entry/P13500
CCL2	missense_variant		1907683893						P13500	C-C motif chemokine 2	Homo sapiens	Encontrado	https://alphafold.ebi.ac.uk/entry/P13500
CCL2	missense_variant		1907684114						P13500	C-C motif chemokine 2	Homo sapiens	Encontrado	https://alphafold.ebi.ac.uk/entry/P13500
CCL2	missense_variant		1907684571						P13500	C-C motif chemokine 2	Homo sapiens	Encontrado	https://alphafold.ebi.ac.uk/entry/P13500
CCL2	missense_variant		1907685233						P13500	C-C motif chemokine 2	Homo sapiens	Encontrado	https://alphafold.ebi.ac.uk/entry/P13500
CCL2	missense_variant		1907698647						P13500	C-C motif chemokine 2	Homo sapiens	Encontrado	https://alphafold.ebi.ac.uk/entry/P13500
CCL2	missense_variant		1907698839						P13500	C-C motif chemokine 2	Homo sapiens	Encontrado	https://alphafold.ebi.ac.uk/entry/P13500
CCL2	missense_variant		1907699037						P13500	C-C motif chemokine 2	Homo sapiens	Encontrado	https://alphafold.ebi.ac.uk/entry/P13500
CCL2	missense_variant		1907700209						P13500	C-C motif chemokine 2	Homo sapiens	Encontrado	https://alphafold.ebi.ac.uk/entry/P13500
CCL2	missense_variant		1907700398						P13500	C-C motif chemokine 2	Homo sapiens	Encontrado	https://alphafold.ebi.ac.uk/entry/P13500
CCL2	missense_variant	uncertain significance	1907700606						P13500	C-C motif chemokine 2	Homo sapiens	Encontrado	https://alphafold.ebi.ac.uk/entry/P13500
CCL2	missense_variant		1907701034						P13500	C-C motif chemokine 2	Homo sapiens	Encontrado	https://alphafold.ebi.ac.uk/entry/P13500
CCL2	missense_variant		1907701591						P13500	C-C motif chemokine 2	Homo sapiens	Encontrado	https://alphafold.ebi.ac.uk/entry/P13500
CCL2	missense_variant		190996557						P13500	C-C motif chemokine 2	Homo sapiens	Encontrado	https://alphafold.ebi.ac.uk/entry/P13500
CCL2	missense_variant	uncertain significance	199565451						P13500	C-C motif chemokine 2	Homo sapiens	Encontrado	https://alphafold.ebi.ac.uk/entry/P13500
CCL2	missense_variant		2142196073						P13500	C-C motif chemokine 2	Homo sapiens	Encontrado	https://alphafold.ebi.ac.uk/entry/P13500
CCL2	missense_variant		371187910						P13500	C-C motif chemokine 2	Homo sapiens	Encontrado	https://alphafold.ebi.ac.uk/entry/P13500
CCL2	missense_variant		374418259						P13500	C-C motif chemokine 2	Homo sapiens	Encontrado	https://alphafold.ebi.ac.uk/entry/P13500
CCL2	missense_variant		563897168						P13500	C-C motif chemokine 2	Homo sapiens	Encontrado	https://alphafold.ebi.ac.uk/entry/P13500
CCL2	missense_variant		745882578						P13500	C-C motif chemokine 2	Homo sapiens	Encontrado	https://alphafold.ebi.ac.uk/entry/P13500
CCL2	missense_variant	uncertain significance	746763384						P13500	C-C motif chemokine 2	Homo sapiens	Encontrado	https://alphafold.ebi.ac.uk/entry/P13500
CCL2	missense_variant		748658453						P13500	C-C motif chemokine 2	Homo sapiens	Encontrado	https://alphafold.ebi.ac.uk/entry/P13500
CCL2	missense_variant	uncertain significance	752406037						P13500	C-C motif chemokine 2	Homo sapiens	Encontrado	https://alphafold.ebi.ac.uk/entry/P13500
CCL2	missense_variant		754083053						P13500	C-C motif chemokine 2	Homo sapiens	Encontrado	https://alphafold.ebi.ac.uk/entry/P13500
CCL2	missense_variant		755719349						P13500	C-C motif chemokine 2	Homo sapiens	Encontrado	https://alphafold.ebi.ac.uk/entry/P13500
CCL2	missense_variant		756136784						P13500	C-C motif chemokine 2	Homo sapiens	Encontrado	https://alphafold.ebi.ac.uk/entry/P13500
CCL2	missense_variant		757082330						P13500	C-C motif chemokine 2	Homo sapiens	Encontrado	https://alphafold.ebi.ac.uk/entry/P13500
CCL2	missense_variant	uncertain significance	758954928						P13500	C-C motif chemokine 2	Homo sapiens	Encontrado	https://alphafold.ebi.ac.uk/entry/P13500
CCL2	missense_variant		760761240						P13500	C-C motif chemokine 2	Homo sapiens	Encontrado	https://alphafold.ebi.ac.uk/entry/P13500
CCL2	missense_variant		764759504						P13500	C-C motif chemokine 2	Homo sapiens	Encontrado	https://alphafold.ebi.ac.uk/entry/P13500
CCL2	missense_variant		766548953						P13500	C-C motif chemokine 2	Homo sapiens	Encontrado	https://alphafold.ebi.ac.uk/entry/P13500
CCL2	missense_variant		778276611						P13500	C-C motif chemokine 2	Homo sapiens	Encontrado	https://alphafold.ebi.ac.uk/entry/P13500
CCL2	missense_variant		780351792						P13500	C-C motif chemokine 2	Homo sapiens	Encontrado	https://alphafold.ebi.ac.uk/entry/P13500
CCL2	missense_variant		780976524						P13500	C-C motif chemokine 2	Homo sapiens	Encontrado	https://alphafold.ebi.ac.uk/entry/P13500
CCL2	missense_variant		898151976						P13500	C-C motif chemokine 2	Homo sapiens	Encontrado	https://alphafold.ebi.ac.uk/entry/P13500
CCL2	missense_variant		925712928						P13500	C-C motif chemokine 2	Homo sapiens	Encontrado	https://alphafold.ebi.ac.uk/entry/P13500
CCL2	missense_variant		937135761						P13500	C-C motif chemokine 2	Homo sapiens	Encontrado	https://alphafold.ebi.ac.uk/entry/P13500
CCL2	missense_variant		995205364						P13500	C-C motif chemokine 2	Homo sapiens	Encontrado	https://alphafold.ebi.ac.uk/entry/P13500
